Asset,Average Daily Return,Volatility,Value at Risk (95%),Sharpe Ratio,Maximum Return,Minimum Return
TSLA,0.0019029234279368808,0.03638561865404233,-0.052545986809152546,0.7955915666698083,0.22689989839624514,-0.21062824320390794
